{"loss": 2.180375814437866, "_timestamp": 1677807634.774461, "_runtime": 9.625020027160645, "_step": 1, "_wandb": {"runtime": 9}}