{"loss": 6.59341287612915, "_timestamp": 1677806626.8189886, "_runtime": 9.571465492248535, "_step": 0, "_wandb": {"runtime": 9}}