{"loss": 2.27152681350708, "_timestamp": 1677808877.9741406, "_runtime": 9.66327953338623, "_step": 1, "_wandb": {"runtime": 9}}