{"loss": 1.2132614850997925, "_timestamp": 1677810553.274789, "_runtime": 22.959235191345215, "_step": 99, "_wandb": {"runtime": 22}}