{"loss": 2.1596641540527344, "_timestamp": 1677808630.2435849, "_runtime": 9.547937870025635, "_step": 1, "_wandb": {"runtime": 9}}