{"loss": 1.0305712223052979, "_timestamp": 1677810971.1277454, "_runtime": 143.05843830108643, "_step": 999, "_wandb": {"runtime": 142}}