{"loss": 2.27063250541687, "_timestamp": 1677807144.3270402, "_runtime": 9.590752124786377, "_step": 0, "_wandb": {"runtime": 9}}