{"loss": 2.6843931674957275, "_timestamp": 1677807026.040094, "_runtime": 9.60881495475769, "_step": 0, "_wandb": {"runtime": 9}}