{"loss": 1.5827240943908691, "_timestamp": 1677258668.6864722, "_runtime": 26.15450119972229, "_step": 15, "_wandb": {"runtime": 25}}