{"loss": 2.322370767593384, "_timestamp": 1677808765.6650248, "_runtime": 9.691138744354248, "_step": 1, "_wandb": {"runtime": 9}}