{"loss": 2.3553197383880615, "_timestamp": 1677808839.282475, "_runtime": 9.563318014144897, "_step": 1, "_wandb": {"runtime": 9}}