{"loss": NaN, "_timestamp": 1677809872.9306507, "_runtime": 19.40180468559265, "_step": 72, "_wandb": {"runtime": 19}}