{"loss": 2.8566927909851074, "_timestamp": 1677808590.5965257, "_runtime": 9.677627563476562, "_step": 1, "_wandb": {"runtime": 9}}