{"loss": -784.7911987304688, "_timestamp": 1677325053.6622329, "_runtime": 51106.81591486931, "_step": 31999, "_wandb": {"runtime": 51106}}