{"loss": 1.809240698814392, "_timestamp": 1677807224.3801444, "_runtime": 9.551430463790894, "_step": 1, "_wandb": {"runtime": 9}}