{"loss": 0.29286232590675354, "_timestamp": 1677710138.8095891, "_runtime": 52.27395415306091, "_step": 3, "_wandb": {"runtime": 52}}