{"loss": 0.4451424777507782, "_timestamp": 1677812971.1073906, "_runtime": 803.7705845832825, "_step": 199, "_wandb": {"runtime": 1293}}