{"loss": NaN, "_timestamp": 1677810817.5780644, "_runtime": 165.17592644691467, "_step": 47, "_wandb": {"runtime": 164}}