{"loss": 1.8138431310653687, "_timestamp": 1677807743.1583638, "_runtime": 9.596916913986206, "_step": 1, "_wandb": {"runtime": 9}}