{"loss": 2.7148218154907227, "_timestamp": 1677808189.8215358, "_runtime": 9.643358707427979, "_step": 1, "_wandb": {"runtime": 9}}