{"loss": 1.7538877725601196, "_timestamp": 1677808261.7763703, "_runtime": 9.770782232284546, "_step": 1, "_wandb": {"runtime": 9}}