{"loss": 1.5827240943908691, "_timestamp": 1677258298.4955995, "_runtime": 26.68946647644043, "_step": 15, "_wandb": {"runtime": 26}}