{"loss": 2.2614665031433105, "_timestamp": 1677807098.9787896, "_runtime": 9.598861455917358, "_step": 0, "_wandb": {"runtime": 9}}