{"loss": NaN, "_timestamp": 1677809731.4563563, "_runtime": 23.033485174179077, "_step": 99, "_wandb": {"runtime": 22}}