{"loss": 1.5141346454620361, "_timestamp": 1677811960.08517, "_runtime": 383.481791973114, "_step": 89, "_wandb": {"runtime": 387}}