{"loss": 2.1506173610687256, "_timestamp": 1677808447.231176, "_runtime": 10.581061840057373, "_step": 1, "_wandb": {"runtime": 9}}