{"loss": 2.1918435096740723, "_timestamp": 1677807180.8498092, "_runtime": 9.629310131072998, "_step": 1, "_wandb": {"runtime": 9}}