{"loss": 0.5617162585258484, "_timestamp": 1677260787.98761, "_runtime": 1722.904806137085, "_step": 1999, "_wandb": {"runtime": 1722}}