{"loss": 2.3339030742645264, "_timestamp": 1677807064.738122, "_runtime": 9.655200958251953, "_step": 0, "_wandb": {"runtime": 9}}